"IOut2","xIOut2","VOut2","xVOut2"
"3","99.99999747378752","4.954505920410156","99.99999747378752"
"2.9991848468780518","150.00301937106997","4.9541449546813965","100.02340422943234"
"2.998976469039917","150.00379062257707","4.956587791442871","100.3508732537739"
"2.9936928749084473","150.02336294855922","4.9577460289001465","100.46218812931329"
"2.9929914474487305","150.02595318946987","4.957146644592285","100.75501631945372"
"2.8969781398773193","150.38155834190547","4.9551615715026855","100.9499974315986"
"2.8968517780303955","150.38202400319278","4.954087257385254","101.02336091222242"
"2.7236826419830322","151.02339966688305","4.954488754272461","101.17579950019717"
"2.7232730388641357","151.0249130660668","4.957696437835693","101.46312706638128"
"2.6214065551757812","151.40220057219267","4.957088470458984","101.75901843467727"
"2.621023178100586","151.40361210796982","4.954064846038818","102.02403063885868"
"2.4535129070281982","152.02403301373124","4.954239845275879","102.13568748440593"
"2.4525187015533447","152.02771464828402","4.956521511077881","102.35237277811393"
"2.183682680130005","153.02340034395456","4.957683086395264","102.46360761811957"
"2.183375358581543","153.02453539334238","4.957098007202148","102.75625390931964"
"2.0866503715515137","153.3827744424343","4.955138683319092","102.94999810867012"
"2.086193084716797","153.38447701651603","4.954071044921875","103.02336158929393"
"1.913692831993103","154.02336430270225","4.955343246459961","103.26713527319953"
"1.9128012657165527","154.0266675874591","4.957709789276123","103.45999908167869"
"1.9123167991638184","154.02845747303218","4.957262992858887","103.73999975854531"
"1.8201595544815063","154.36977264471352","4.956826210021973","103.79999730503187"
"1.819716215133667","154.37141701113433","4.954135894775391","104.02406769571826"
"1.643682599067688","155.02340102102607","4.9543046951293945","104.13218114990741"
"1.6427725553512573","155.02676251344383","4.957542419433594","104.40452751936391"
"1.6422722339630127","155.02862515859306","4.957771301269531","104.46263331687078"
"1.5536316633224487","155.35691636614501","4.95719575881958","104.7552505042404"
"1.5532296895980835","155.35841521341354","4.954991340637207","104.96749746380374"
"1.3736931085586548","156.02336497977376","4.954162120819092","105.02336226636544"
"1.3730989694595337","156.02556231897324","4.955434322357178","105.26712867431343"
"1.372697353363037","156.02704661432654","4.957810401916504","105.46312114456668"
"1.103692889213562","157.0233580423519","4.957228660583496","105.75897613307461"
"1.1030923128128052","157.02558448538184","4.956148624420166","105.87999713607132"
"1.102689504623413","157.02708333265036","4.954227924346924","106.0240319930017"
"0.8336800932884216","158.02340931259096","4.954395771026611","106.13218182697892"
"0.8332473039627075","158.02501002326608","4.95786190032959","106.46263399394229"
"0.8329786658287048","158.0259995535016","4.957286357879639","106.75525845726952"
"0.5634534358978271","159.02424638625234","4.95425271987915","107.02336294343695"
"0.5629951357841492","159.02594896033406","4.956723690032959","107.35179967014119"
"0.5626760721206665","159.02712766546756","4.957900524139404","107.46311454568058"
"0.4820200502872467","159.32584938127548","4.957443714141846","107.74000111268833"
"0.4818674623966217","159.32641690596938","4.95623779296875","107.87999781314284"
"0.30000001192092896","160.000185132958","4.95431661605835","108.02403267007321"
"0.30064988136291504","310.00241870060563","4.954732894897461","108.17562724696472"
"0.30080661177635193","310.00300077721477","4.957950115203857","108.46262739505619"
"0.30120763182640076","310.00448507256806","4.95737361907959","108.75525185838342"
"0.3073941171169281","310.0273897871375","4.954339027404785","109.02335634455085"
"0.3080628216266632","310.02986361272633","4.9545063972473145","109.1324957087636"
"0.3084830641746521","310.03140611574054","4.956809043884277","109.35179307125509"
"0.3087511360645294","310.0324247498065","4.9579854011535645","109.46310794679448"
"0.5712083578109741","311.004463583231","4.95740270614624","109.75895565934479"
"0.5717167854309082","311.00635533221066","4.954768657684326","110.00000085914508"
"0.5773678421974182","311.02728098630905","4.954400062561035","110.02403334714472"
"0.5778014063835144","311.0288816969842","4.9556732177734375","110.26705033145845"
"0.5780758857727051","311.02990033105016","4.9580302238464355","110.46255531255156"
"0.847676694393158","312.02842365019023","4.957451820373535","110.75517249992117"
"0.8480653762817383","312.02987884171307","4.955482482910156","110.95000081695616"
"0.9385642409324646","312.3650385532528","4.954413414001465","111.02335702162236"
"0.938971757888794","312.36655195243657","4.954595565795898","111.13596701761708"
"1.1169222593307495","313.02563729695976","4.957827091217041","111.40544665977359"
"1.117538571357727","313.0279073957354","4.958045959472656","111.46000178996474"
"1.1179478168487549","313.0294498987496","4.957594394683838","111.74000246683136"
"1.2166271209716797","313.3949066977948","4.954832077026367","112.00000153621659"
"1.2168828248977661","313.39586712419987","4.954463481903076","112.02402674825862"
"1.3869010210037231","314.02555759996176","4.955729961395264","112.26667993469164"
"1.3875750303268433","314.02806052938104","4.958089351654053","112.46257781749591"
"1.3879930973052979","314.02960303239524","4.957508563995361","112.75518772890791"
"1.3882609605789185","314.0305925626308","4.95553731918335","112.95000149402767"
"1.4867100715637207","314.3952344544232","4.9544677734375","113.02335769869387"
"1.486966848373413","314.3961657769978","4.954648971557617","113.13596769468859"
"1.4934104681015015","314.4200309179723","4.95810604095459","113.4631093009375"
"1.4936139583587646","314.4207876175642","4.957517623901367","113.75895701348782"
"1.6568135023117065","315.0252450723201","4.954878807067871","114.0000022132881"
"1.6577832698822021","315.0288248434663","4.954509735107422","114.02403470128775"
"1.6582937240600586","315.03071659244597","4.95697021484375","114.35137275839224"
"1.7684354782104492","315.43863588012755","4.958132743835449","114.46260759839788"
"1.7686405181884766","315.4394216835499","4.957549095153809","114.7552247857675"
"1.9263765811920166","316.0236228723079","4.955577373504639","114.95000217109919"
"1.9271255731582642","316.0263877362013","4.954507350921631","115.02335837576538"
"2.0429766178131104","316.4554655086249","4.95491886138916","115.17588427523151"
"2.0431854724884033","316.45625131204724","4.958144664764404","115.46321184141561"
"2.1962907314300537","317.02331034466624","4.9572434425354","115.80000136746094"
"2.197237491607666","317.02680280432105","4.9545488357543945","116.02403537835926"
"2.197737455368042","317.0286654494703","4.9547295570373535","116.13540118560195"
"2.314270257949829","317.4602461513132","4.957009315490723","116.35133705567569"
"2.31441068649292","317.4607700202614","4.958171367645264","116.46256461972371"
"2.466552495956421","318.0242783855647","4.957588195800781","116.75518180709332"
"2.467250347137451","318.0268395226449","4.955615520477295","116.9500028481707"
"2.5867466926574707","318.4694214724004","4.954545497894287","117.0233590528369"
"2.5870189666748047","318.4704401064664","4.955810070037842","117.2671327367425"
"2.7310400009155273","319.0038551110774","4.958179950714111","117.46312520699576"
"2.7363429069519043","319.0235001966357","4.957589149475098","117.75896564358845"
"2.7372004985809326","319.0266725141555","4.956504821777344","117.8800011985004"
"2.7376749515533447","319.0284187439829","4.954579830169678","118.02403605543077"
"2.8573169708251953","319.47155366651714","4.954758644104004","118.13530727522448"
"2.8574934005737305","319.4721939507872","4.957564353942871","118.381911306642"
"3","320.0014471076429","4.95819616317749","118.46247798530385"
"3","449.99999227002263","4.957608699798584","118.75509517267346"
"","","4.955392837524414","118.96750220330432"
"","","4.95456075668335","119.0233597299084"
"","","4.955820083618164","119.2670242744498"
"","","4.958176612854004","119.45999722229317"
"","","4.957713603973389","119.73999789915979"
"","","4.9564995765686035","119.8800018755719"
"","","4.954570770263672","120.02402945654467"
"","","4.954748153686523","120.13555533485487"
"","","4.958198547363281","120.4634754685685"
"","","4.9576191902160645","120.75607082806528"
"","","4.954594135284424","121.02339678676799"
"","","4.957067966461182","121.35165889048949"
"","","4.958245754241943","121.46297376602888"
"","","4.95766544342041","121.75879965070635"
"","","4.9565839767456055","121.88000255264342"
"","","4.954662799835205","122.02403013361618"
"","","4.955076694488525","122.17527546454221"
"","","4.958288192749023","122.46228288859129"
"","","4.957706451416016","122.75487824808806"
"","","4.954660415649414","123.02336108405143"
"","","4.954837799072266","123.13543993514031"
"","","4.957113265991211","123.35137580521405"
"","","4.958283424377441","123.46268340479583"
"","","4.957807540893555","123.73999925330281"
"","","4.9550299644470215","123.99999832268804"
"","","4.9546589851379395","124.02411084622145"
"","","4.955920696258545","124.26740431692451"
"","","4.958273410797119","124.4631566805765"
"","","4.95768404006958","124.7557665919885"
"","","4.955715656280518","124.95000555645674"
"","","4.95464563369751","125.02336176112294"
"","","4.954822540283203","125.13525143731385"
"","","4.958059787750244","125.40580064523965"
"","","4.958288192749023","125.46345533337444"
"","","4.957703113555908","125.75928121805191"
"","","4.955071926116943","125.99999899975955"
"","","4.9547038078308105","126.02403876371682"
"","","4.955979347229004","126.2671867152676"
"","","4.958346843719482","126.4630991499871"
"","","4.957777500152588","126.75566540565342"
"","","4.9558210372924805","126.95000623352826"
"","","4.954755783081055","127.02336243819445"
"","","4.954923152923584","127.1316286874935"
"","","4.958401203155518","127.46000720653683"
"","","4.957952976226807","127.74000060744584"
"","","4.955193519592285","127.99999967683107"
"","","4.954824924468994","128.0240248888731"
"","","4.95729923248291","128.35185043513775"
"","","4.958466529846191","128.46307072322816"
"","","4.957895755767822","128.75563697889447"
"","","4.955938339233398","128.95000691059977"
"","","4.9548726081848145","129.02336311526597"
"","","4.955289363861084","129.1753869736567"
"","","4.958518981933594","129.46248170919716"
"","","4.957934856414795","129.75830759387463"
"","","4.954921245574951","130.0240255659446"
"","","4.955103874206543","130.13603165745735"
"","","4.957387447357178","130.35185111220926"
"","","4.95855188369751","130.4630859522149"
"","","4.957973957061768","130.75566675979644"
"","","4.956011772155762","130.94999303575605"
"","","4.9549431800842285","131.02343655191362"
"","","4.956218242645264","131.26721023581922"
"","","4.95859432220459","131.46373385097831"
"","","4.958134651184082","131.74000196158886"
"","","4.95769739151001","131.79999950807542"
"","","4.95501708984375","132.02335685491562"
"","","4.955185890197754","132.13131751399487"
"","","4.958439350128174","132.40441330708563"
"","","4.9586687088012695","132.46206799522042"
"","","4.958087921142578","132.75787932798266"
"","","4.955909252166748","132.9674996668473"
"","","4.955070972442627","133.0240338575095"
"","","4.9563398361206055","133.2672400167212"
"","","4.958695411682129","133.46287596505135"
"","","4.958113193511963","133.7554567726329"
"","","4.956997871398926","133.8800066150725"
"","","4.955075263977051","134.02335753198713"
"","","4.955252647399902","134.13505803328007"
"","","4.958704471588135","134.46265074890107"
"","","4.958109378814697","134.75847663357854"
"","","4.955409049987793","135.00328350346535"
"","","4.9550886154174805","135.024034534581"
"","","4.957540512084961","135.35164180211723"
"","","4.958691596984863","135.45999536290765"
"","","4.958211898803711","135.74000331573188"
"","","4.956989765167236","135.87999274022877"
"","","4.955061435699463","136.02343096863478"
"","","4.95546817779541","136.1754402751103"
"","","4.958676815032959","136.46253501065075"
"","","4.958071231842041","136.75836089532822"
"","","4.9550395011901855","137.02403521165252"
"","","4.955216407775879","137.1364778606221"
"","","4.957479000091553","137.3516279272735"
"","","4.958633899688721","137.46274635195732"
"","","4.958038806915283","137.75451225228608"
"","","4.9553375244140625","138.00000306218863"
"","","4.9549760818481445","138.02335888613015"
"","","4.9562273025512695","138.2671034662053"
"","","4.958580017089844","138.46353976987302"
"","","4.957952499389648","138.76020966563374"
"","","4.956010818481445","138.9499957440421"
"","","4.95493745803833","139.02343926019967"
"","","4.955111503601074","139.13486327510327"
"","","4.958336353302002","139.4054270349443"
"","","4.9585652351379395","139.46398394182324"
"","","4.958090305328369","139.7400046698749"
"","","4.955316543579102","140.00000373926014"
"","","4.954957485198975","140.02335956320167"
"","","4.956232070922852","140.2671477990225"
"","","4.958592414855957","140.46333672013134"
"","","4.957963466644287","140.76246588956565"
"","","4.9560465812683105","140.9499964211136"
"","","4.9549784660339355","141.0233526257798"
"","","4.955161094665527","141.13588258624077"
"","","4.958624362945557","141.4638536516577"
"","","4.958024978637695","141.7605089955032"
"","","4.955399036407471","142.00000441633165"
"","","4.955040454864502","142.02336024027318"
"","","4.9575066566467285","142.35047274269164"
"","","4.958678722381592","142.46092177927494"
"","","4.958134651184082","142.75143621489406"
"","","4.956142902374268","142.94999709818512"
"","","4.955064296722412","143.02403724286705"
"","","4.955473899841309","143.17614841274917"
"","","4.9586639404296875","143.4599980711937"
"","","4.957737445831299","143.8000035705045"
"","","4.95503044128418","144.02334636542946"
"","","4.955204486846924","144.13527969736606"
"","","4.9574737548828125","144.3512155674398"
"","","4.958643436431885","144.46352724917233"
"","","4.958011150360107","144.76143405772746"
"","","4.956080436706543","144.94999777525663"
"","","4.955009460449219","145.02335397992283"
"","","4.956272125244141","145.26714221574366"
"","","4.958634853363037","145.4638986615464"
"","","4.958000183105469","145.76302783098072"
"","","4.956939220428467","145.87999612558633"
"","","4.955018043518066","146.0233615944162"
"","","4.955197334289551","146.13517851103097"
"","","4.958000659942627","146.38155698776245"
"","","4.958650588989258","146.46346971858293"
"","","4.9580278396606445","146.76174032501876"
"","","4.955868244171143","146.96750440634787"
"","","4.955039024353027","147.02335465699434"
"","","4.956317901611328","147.26775407325476"
"","","4.958678245544434","147.46346278116107"
"","","4.958207607269287","147.73999282624573"
"","","4.956995487213135","147.87999680265784"
"","","4.955078601837158","148.0233622714877"
"","","4.955246925354004","148.13213783781976"
"","","4.958718776702881","148.46300473436713"
"","","4.958120822906494","148.75900524202734"
"","","4.955116271972656","149.02335533406585"
"","","4.957573413848877","149.3507152190432"
"","","4.958747386932373","149.4628086220473"
"","","4.9581403732299805","149.75907106418163"
"","","4.957050323486328","149.87999747972935"
"","","4.955159664154053","150.02329018898308"
"","","4.955869197845459","150.17557598184794"
"","","4.9605326652526855","150.52493836265057"
"","","4.961057186126709","150.64440958667547"
"","","4.960715293884277","150.94999980647117"
"","","4.960409164428711","151.00327436812222"
"","","4.960695266723633","151.07107174117118"
"","","4.965920925140381","151.34741261135787"
"","","4.970653533935547","151.6430638730526"
"","","4.9724955558776855","151.9499928690493"
"","","4.977916240692139","152.26709365379065"
"","","4.986753463745117","152.62988745234907"
"","","4.9907145500183105","152.95000048354268"
"","","4.993457794189453","153.11731840483844"
"","","5.0026021003723145","153.38185767177492"
"","","5.01104211807251","153.73942733276635"
"","","5.015120506286621","154.0032826596871"
"","","5.027947425842285","154.36885587405413"
"","","5.037878513336182","154.7239371575415"
"","","5.042471885681152","154.9500011606142"
"","","5.047412872314453","155.1358582219109"
"","","5.064776420593262","155.5955968797207"
"","","5.073030471801758","155.92499403283"
"","","5.074941158294678","156.02336497977376"
"","","5.085880279541016","156.29190602339804"
"","","5.096853256225586","156.58432675991207"
"","","5.108111381530762","157.02328528277576"
"","","5.119231700897217","157.2863693581894"
"","","5.130434036254883","157.57701476104558"
"","","5.13908576965332","157.8800001880154"
"","","5.147284984588623","158.1503893248737"
"","","5.164656162261963","158.570590429008"
"","","5.168318271636963","158.68726768530905"
"","","5.176865100860596","159.02420273050666"
"","","5.190075397491455","159.32189126033336"
"","","5.199995994567871","159.59999291226268"
"","","5.209977149963379","159.9709503352642"
"","","5.215460300445557","160.1430558366701"
"","","5.228720664978027","160.48651013989002"
"","","5.233534812927246","160.67050455603749"
"","","5.239281177520752","161.0007166163996"
"","","5.247636795043945","161.2752239452675"
"","","5.254931449890137","161.55913181137294"
"","","5.259018898010254","161.85521963052452"
"","","5.264065742492676","162.20685211010277"
"","","5.271398067474365","162.56827802862972"
"","","5.272689342498779","162.71989443339407"
"","","5.2732014656066895","162.8695026738569"
"","","5.273033142089844","163.0000042496249"
"","","5.278730392456055","163.3394422242418"
"","","5.280908107757568","163.6170200072229"
"","","5.2805657386779785","163.88000221922994"
"","","5.279382228851318","164.0255650272593"
"","","5.280948638916016","164.2066054046154"
"","","5.284130096435547","164.48681708425283"
"","","5.28416109085083","164.50081602670252"
"","","5.283390045166016","164.78235193062574"
"","","5.280609607696533","165.0272315600887"
"","","5.280786037445068","165.13031732756644"
"","","5.2833251953125","165.36450129933655"
"","","5.282649040222168","165.66737031098455"
"","","5.279725551605225","165.93121108599007"
"","","5.2792067527771","166.01753304712474"
"","","5.280020713806152","166.2087015574798"
"","","5.281842231750488","166.34225903544575"
"","","5.281603813171387","166.5785675868392"
"","","5.279268741607666","166.8322365731001"
"","","5.277390956878662","167.0276396907866"
"","","5.2776007652282715","167.1167992753908"
"","","5.279909133911133","167.3337974352762"
"","","5.2796244621276855","167.54554235376418"
"","","5.278613090515137","167.6849351497367"
"","","5.275856018066406","167.9599954513833"
"","","5.275045871734619","168.02769096102566"
"","","5.276488780975342","168.2684669503942"
"","","5.277316093444824","168.3276059338823"
"","","5.276823043823242","168.54579735081643"
"","","5.2736687660217285","168.85211516637355"
"","","5.2722015380859375","169.02574861887842"
"","","5.272580146789551","169.15447486098856"
"","","5.274231910705566","169.30852143559605"
"","","5.273799896240234","169.53110753092915"
"","","5.27122688293457","169.78579515125602"
"","","5.269133567810059","170.0268330750987"
"","","5.271252632141113","170.3065208857879"
"","","5.270191192626953","170.5867180135101"
"","","5.267049312591553","170.9035423118621"
"","","5.265931606292725","171.0287615424022"
"","","5.266551971435547","171.17925744969398"
"","","5.267923831939697","171.29947082139552"
"","","5.267299175262451","171.50574421975762"
"","","5.264294624328613","171.79225687868893"
"","","5.262516975402832","172.01999435201287"
"","","5.262731552124023","172.11637168657035"
"","","5.264464855194092","172.2879969747737"
"","","5.264262676239014","172.41446767002344"
"","","5.262507915496826","172.64491179957986"
"","","5.259641170501709","172.9500072542578"
"","","5.2589111328125","173.02879132330418"
"","","5.259825229644775","173.20924962405115"
"","","5.260735511779785","173.28542890027165"
"","","5.259517669677734","173.54960436932743"
"","","5.256287097930908","173.8800056045875"
"","","5.255002975463867","174.02863886673003"
"","","5.255186080932617","174.10065629519522"
"","","5.256736755371094","174.27040438633412"
"","","5.256453514099121","174.41932868678123"
"","","5.2533111572265625","174.74051855970174"
"","","5.251440525054932","174.9700022628531"
"","","5.25100040435791","175.02866103313863"
"","","5.25273323059082","175.2719545038417"
"","","5.250894069671631","175.58856052346528"
"","","5.248359203338623","175.85120804142207"
"","","5.2467780113220215","176.03077867534012"
"","","5.247194290161133","176.1474268278107"
"","","5.248270034790039","176.25762848183513"
"","","5.24781608581543","176.4222834026441"
"","","5.244412422180176","176.787274540402"
"","","5.24251651763916","177.0047820173204"
"","","5.242268085479736","177.03093180898577"
"","","5.24382209777832","177.26139049045742"
"","","5.243650436401367","177.3345866240561"
"","","5.24039888381958","177.68869292922318"
"","","5.238840579986572","177.88000695873052"
"","","5.237586975097656","178.0309248715639"
"","","5.23824405670166","178.18307969719172"
"","","5.239044666290283","178.25952090788633"
"","","5.237960338592529","178.4705527825281"
"","","5.234786033630371","178.79916413221508"
"","","5.232847690582275","179.02962281368673"
"","","5.233022212982178","179.1035319911316"
"","","5.234302520751953","179.2530092643574"
"","","5.2339324951171875","179.36306539922953"
"","","5.230899333953857","179.66775340028107"
"","","5.228715419769287","179.95000234805048"
"","","5.227962493896484","180.0275349523872"
"","","5.229036808013916","180.22854055743665"
"","","5.229292392730713","180.25112512987107"
"","","5.227223873138428","180.5479114409536"
"","","5.224699974060059","180.81284360960126"
"","","5.222866535186768","181.0309331631288"
"","","5.223036289215088","181.10297969542444"
"","","5.2242255210876465","181.24720372725278"
"","","5.223395347595215","181.41821783501655"
"","","5.220146179199219","181.75946024712175"
"","","5.218347549438477","181.96749442722648"
"","","5.217798233032227","182.03094077762216"
"","","5.219127655029297","182.24352970719337"
"","","5.218955039978027","182.30188288725913"
"","","5.216756343841553","182.56250768899918"
"","","5.212820053100586","183.0138498917222"
"","","5.213003158569336","183.13140026293695"
"","","5.2139811515808105","183.24005941394717"
"","","5.212691307067871","183.4599970607087"
"","","5.209824562072754","183.7599993450567"
"","","5.207713603973389","184.00370026938617"
"","","5.20747709274292","184.03098511043936"
"","","5.208752632141113","184.2398487497121"
"","","5.208583354949951","184.2943165684119"
"","","5.205829620361328","184.5965307438746"
"","","5.202653884887695","184.98199642635882"
"","","5.202224254608154","185.03147293813527"
"","","5.202813148498535","185.16847922001034"
"","","5.203462600708008","185.2348359534517"
"","","5.201975345611572","185.4675792856142"
"","","5.199216842651367","185.75883586890996"
"","","5.196825981140137","186.03149510454386"
"","","5.1970014572143555","186.1041528172791"
"","","5.198031425476074","186.23401410877705"
"","","5.197541236877441","186.3436191342771"
"","","5.194626331329346","186.62892398424447"
"","","5.191586971282959","187.0095729827881"
"","","5.1913886070251465","187.031488167122"
"","","5.1923394203186035","187.2086722869426"
"","","5.192521095275879","187.22568347584456"
"","","5.190195083618164","187.5392481451854"
"","","5.187507152557373","187.8400071291253"
"","","5.186105251312256","188.01081751007587"
"","","5.186290264129639","188.1319039966911"
"","","5.187082290649414","188.22363927029073"
"","","5.186306476593018","188.38820687960833"
"","","5.183146953582764","188.72268265113235"
"","","5.18104362487793","188.9690465759486"
"","","5.1805315017700195","189.03028103522956"
"","","5.181704044342041","189.2283617053181"
"","","5.1815290451049805","189.27933706436306"
"","","5.178950309753418","189.56181884277612"
"","","5.17628812789917","189.87999646924436"
"","","5.1751556396484375","190.0131319416687"
"","","5.175359725952148","190.13187556993216"
"","","5.1761908531188965","190.22742344532162"
"","","5.174714088439941","190.452512470074"
"","","5.172074317932129","190.7330733956769"
"","","5.169672012329102","191.0095743369311"
"","","5.169496536254883","191.02967053186148"
"","","5.170644283294678","191.2284060381353"
"","","5.170280456542969","191.31445151288062"
"","","5.167412757873535","191.59764633513987"
"","","5.165276527404785","191.87999714631587"
"","","5.164015293121338","192.02966359443963"
"","","5.1646928787231445","192.17442604713142"
"","","5.165206432342529","192.22544506192207"
"","","5.163271903991699","192.4969401443377"
"","","5.158633232116699","193.0302823893726"
"","","5.158818244934082","193.1042061187327"
"","","5.159807205200195","193.22714069858193"
"","","5.159201145172119","193.35324759595096"
"","","5.15631628036499","193.64569743629545"
"","","5.153593063354492","193.98721633479"
"","","5.153216361999512","194.03148326091468"
"","","5.154244422912598","194.21243632677943"
"","","5.154393196105957","194.22639161348343"
"","","5.1515421867370605","194.57183952908963"
"","","5.1479716300964355","195.0111472979188"
"","","5.14779806137085","195.03147632349283"
"","","5.147992134094238","195.103493751958"
"","","5.148956775665283","195.22380898706615"
"","","5.147919178009033","195.40988432709128"
"","","5.144829273223877","195.73999452404678"
"","","5.142786502838135","195.98314247559756"
"","","5.142380714416504","196.03029068093747"
"","","5.1435465812683105","196.22700347099453"
"","","5.14337158203125","196.27783331088722"
"","","5.1406965255737305","196.5728006325662"
"","","5.13712739944458","197.0125740626827"
"","","5.137320041656494","197.13204528670758"
"","","5.138167858123779","197.2275204025209"
"","","5.13640022277832","197.48475460801274"
"","","5.134230613708496","197.71492225117981"
"","","5.131862163543701","198.00302106887102"
"","","5.131627559661865","198.03029135800898"
"","","5.13282585144043","198.22813919745386"
"","","5.132480621337891","198.31499957945198"
"","","5.129261493682861","198.65941430907696"
"","","5.126482963562012","199.00919869542122"
"","","5.126315116882324","199.0290475077927"
"","","5.126977920532227","199.17536701541394"
"","","5.1275129318237305","199.2283941945061"
"","","5.126040458679199","199.4600024772808"
"","","5.122467994689941","199.83999663963914"
"","","5.12107515335083","200.0111562665552"
"","","5.121245384216309","200.1241664402187"
"","","5.122154712677002","200.22809621877968"
"","","5.121705055236816","200.33410692121834"
"","","5.118246555328369","200.7166767725721"
"","","5.11558723449707","201.03147835470736"
"","","5.116671562194824","201.216695131734"
"","","5.116817951202393","201.23006834182888"
"","","5.1135101318359375","201.6278012888506"
"","","5.1109795570373535","201.94999524392188"
"","","5.110273838043213","202.03148596920073"
"","","5.110466957092285","202.1037507802248"
"","","5.111515045166016","202.23186584189534"
"","","5.110688209533691","202.3940469371155"
"","","5.107612133026123","202.72244000807405"
"","","5.1050028800964355","203.03147903177887"
"","","5.106261253356934","203.23193166404963"
"","","5.106082439422607","203.28909158706665"
"","","5.103906154632568","203.54667503852397"
"","","5.101005554199219","203.88000120874494"
"","","5.099796772003174","204.02614609338343"
"","","5.100215435028076","204.14772734511644"
"","","5.1009626388549805","204.22750094439834"
"","","5.099605083465576","204.46785492822528"
"","","5.097104072570801","204.73176846280694"
"","","5.094769477844238","205.0096372840926"
"","","5.0945820808410645","205.0309703918174"
"","","5.095901012420654","205.23573039099574"
"","","5.095717906951904","205.29779430944473"
"","","5.09303092956543","205.5988588836044"
"","","5.089920997619629","205.9832331724465"
"","","5.089502811431885","206.03096345439553"
"","","5.090129375457764","206.1680715996772"
"","","5.090854644775391","206.23882301151752"
"","","5.089527130126953","206.4710861304775"
"","","5.0867815017700195","206.76283747889102"
"","","5.084531307220459","207.0309710688889"
"","","5.084738254547119","207.10301760118455"
"","","5.0859222412109375","207.23998022731394"
"","","5.085509300231934","207.35518774017692"
"","","5.082526206970215","207.66028319485486"
"","","5.080322265625","207.9499972751364"
"","","5.079580307006836","208.0309932352975"
"","","5.080643177032471","208.21554062422365"
"","","5.080955982208252","208.2429127767682"
"","","5.078720569610596","208.56194896623492"
"","","5.074922561645508","209.00298841297626"
"","","5.074747085571289","209.02461255900562"
"","","5.074974060058594","209.11649335175753"
"","","5.076129913330078","209.24302225466818"
"","","5.075375556945801","209.41630646120757"
"","","5.072700500488281","209.6769749186933"
"","","5.070092678070068","210.0101119140163"
"","","5.0699005126953125","210.0309357047081"
"","","5.071238994598389","210.23742738179862"
"","","5.070998191833496","210.35363897681236"
"","","5.068034648895264","210.6612519128248"
"","","5.066395282745361","210.87612549308687"
"","","5.065176010131836","211.02852770127356"
"","","5.065794467926025","211.16790594533086"
"","","5.066636562347412","211.24719933141023"
"","","5.065637111663818","211.45734353922307"
"","","5.063047885894775","211.7188269039616"
"","","5.060636520385742","212.00890478212386"
"","","5.0604329109191895","212.03095093369484"
"","","5.061910152435303","212.2519217664376"
"","","5.061737060546875","212.32299332041293"
"","","5.058497428894043","212.6840117853135"
"","","5.05642557144165","212.9500062437728"
"","","5.055807113647461","213.03062385413796"
"","","5.056457042694092","213.16780475899577"
"","","5.057367324829102","213.25185662135482"
"","","5.056418418884277","213.46475114114583"
"","","5.052907943725586","213.84474530350417"
"","","5.051341533660889","214.03079153969884"
"","","5.051547527313232","214.1028962796554"
"","","5.0529255867004395","214.2547455150634"
"","","5.052750110626221","214.33607616927475"
"","","5.0503153800964355","214.6296901628375"
"","","5.047556400299072","214.95000692084432"
"","","5.046954154968262","215.03088646568358"
"","","5.048027038574219","215.20975860767066"
"","","5.048592567443848","215.25636839214712"
"","","5.047287464141846","215.51978716161102"
"","","5.044679164886475","215.79713211394846"
"","","5.042651653289795","216.03079221677035"
"","","5.042845726013184","216.10315889120102"
"","","5.044276237487793","216.26093075610697"
"","","5.043780326843262","216.41446801368147"
"","","5.040810585021973","216.71754075214267"
"","","5.0388503074646","216.9700019294396"
"","","5.038400173187256","217.0308871427551"
"","","5.040118217468262","217.26149134337902"
"","","5.038689613342285","217.54780027549714"
"","","5.035597801208496","217.88000594824553"
"","","5.034387111663818","218.02740229759365"
"","","5.034942626953125","218.1580348405987"
"","","5.036104202270508","218.2634052587673"
"","","5.035660266876221","218.42203568667173"
"","","5.032716274261475","218.7296631745994"
"","","5.0304741859436035","219.02000298723578"
"","","5.030389785766602","219.03081506025046"
"","","5.032182693481445","219.26626504864544"
"","","5.032010555267334","219.36871053185314"
"","","5.029860973358154","219.64409097563475"
"","","5.027772903442383","219.88000662531704"
"","","5.026561260223389","220.0284507125616"
"","","5.027719020843506","220.21365293767303"
"","","5.028411865234375","220.26771330274642"
"","","5.027836322784424","220.4619813710451"
"","","5.024768829345703","220.78955953475088"
"","","5.02286434173584","221.02864750195295"
"","","5.023067474365234","221.1011160397902"
"","","5.024669170379639","221.26923431642354"
"","","5.024421215057373","221.41345834825188"
"","","5.021686553955078","221.72124590724707"
"","","5.019389629364014","222.00723469723016"
"","","5.020386219024658","222.2137845819816"
"","","5.021169185638428","222.27429144550115"
"","","5.020165920257568","222.5384523626417"
"","","5.017488479614258","222.80930716078728"
"","","5.0157470703125","223.02864817902446"
"","","5.01593017578125","223.09712949208915"
"","","5.01768159866333","223.27888291329145"
"","","5.017422199249268","223.4214189229533"
"","","5.014370918273926","223.75999833457172"
"","","5.012718200683594","223.967494093813"
"","","5.012351036071777","224.02522154152393"
"","","5.014327526092529","224.27545627579093"
"","","5.013411998748779","224.5486539322883"
"","","5.01060152053833","224.8358359793201"
"","","5.009074687957764","225.02864885609597"
"","","5.0096235275268555","225.15615273732692"
"","","5.0110650062561035","225.28308909386396"
"","","5.010810852050781","225.43175145983696"
"","","5.008113861083984","225.7394080515951"
"","","5.005929946899414","226.00768716074526"
"","","5.00781774520874","226.28424630966038"
"","","5.007580757141113","226.435688091442"
"","","5.006102085113525","226.63894924335182"
"","","5.00357723236084","226.9124670419842"
"","","5.002582550048828","227.02864953316748"
"","","5.003246784210205","227.17010870110244"
"","","5.004650115966797","227.28813928551972"
"","","5.004168510437012","227.49340860173106"
"","","5.001224040985107","227.7928142575547"
"","","4.9996562004089355","227.99383441451937"
"","","4.999825954437256","228.11662347521633"
"","","5.001684188842773","228.2862988067791"
"","","5.0015058517456055","228.44561317469925"
"","","5.0000901222229","228.6492963321507"
"","","4.997295379638672","228.94999710842967"
"","","4.996652603149414","229.01175543665886"
"","","4.9976091384887695","229.21386698726565"
"","","4.998661041259766","229.2940189363435"
"","","4.998214244842529","229.50104903429747"
"","","4.995156764984131","229.81861548032612"
"","","4.993730545043945","230.0000051036477"
"","","4.993951320648193","230.11623125057667"
"","","4.995905876159668","230.29177100397646"
"","","4.995547771453857","230.5062225786969"
"","","4.993226528167725","230.76098295859993"
"","","4.9910430908203125","231.0081763425842"
"","","4.993154048919678","231.2979195266962"
"","","4.992271900177002","231.5848832949996"
"","","4.989548683166504","231.86116595752537"
"","","4.988325119018555","232.00000578071922"
"","","4.988686561584473","232.14150860439986"
"","","4.990525245666504","232.29776707012206"
"","","4.990176200866699","232.51480888575315"
"","","4.987853050231934","232.77023865375668"
"","","4.985776424407959","233.0065326532349"
"","","4.9856085777282715","233.02521731238812"
"","","4.987847805023193","233.3049342269078"
"","","4.987046241760254","233.58568432740867"
"","","4.984117031097412","233.9000056963414"
"","","4.983102798461914","234.00370264425874"
"","","4.984035015106201","234.2092921026051"
"","","4.985322952270508","234.30421424563974"
"","","4.984996318817139","234.52210007235408"
"","","4.982700824737549","234.77735521737486"
"","","4.980602741241455","235.01337273046374"
"","","4.980772972106934","235.12264306191355"
"","","4.982840538024902","235.3106829104945"
"","","4.982516288757324","235.52769562229514"
"","","4.98141622543335","235.67755124531686"
"","","4.979084491729736","235.92500656377524"
"","","4.978209018707275","236.00453278049827"
"","","4.979068279266357","236.20888532605022"
"","","4.9804582595825195","236.31189833395183"
"","","4.980145454406738","236.53366952203214"
"","","4.977132797241211","236.85398628003895"
"","","4.975759983062744","237.0257570873946"
"","","4.976007461547852","237.1173759456724"
"","","4.978175640106201","237.31471446808428"
"","","4.97789192199707","237.53471032250673"
"","","4.976813793182373","237.68478422425687"
"","","4.974213600158691","237.96000459697098"
"","","4.973499298095703","238.02836949471384"
"","","4.975152015686035","238.26328106224537"
"","","4.975955009460449","238.3169048698619"
"","","4.975274085998535","238.6072010267526"
"","","4.9726881980896","238.85695554781705"
"","","4.971334457397461","239.0277077211067"
"","","4.9718451499938965","239.15401834528893"
"","","4.973839282989502","239.3183676758781"
"","","4.973394870758057","239.57899247761816"
"","","4.972043514251709","239.7399948677048"
"","","4.96950101852417","240.00610574148595"
"","","4.969265460968018","240.02765712793916"
"","","4.971797466278076","240.32191140577197"
"","","4.971177577972412","240.61430303845555"
"","","4.968364238739014","240.89287035167217"
"","","4.96730899810791","241.02762108668685"
"","","4.968190670013428","241.19594309013337"
"","","4.969944000244141","241.33609258569777"
"","","4.969705104827881","241.5504859527573"
"","","4.967527866363525","241.80613399948925"
"","","4.965509414672852","242.02765780501068"
"","","4.965697288513184","242.10006813518703"
"","","4.968173503875732","242.32630676124245"
"","","4.967662811279297","242.62157967314124"
"","","4.967024803161621","242.70417634397745"
"","","4.964515209197998","242.96749325003475"
"","","4.963977336883545","243.02120436914265"
"","","4.9649457931518555","243.20876400452107"
"","","4.966597557067871","243.32613975275308"
"","","4.9661054611206055","243.62365365959704"
"","","4.9644927978515625","243.7999937683344"
"","","4.9623823165893555","244.02575218118727"
"","","4.962554454803467","244.100097916089"
"","","4.965084552764893","244.3280245643109"
"","","4.964595794677734","244.62933652102947"
"","","4.963959693908691","244.71181677654386"
"","","4.961475372314453","244.96851256117225"
"","","4.960930347442627","245.0275351293385"
"","","4.962766647338867","245.26860215701163"
"","","4.96390438079834","245.41435413993895"
"","","4.963643550872803","245.56435528211296"
"","","4.96042537689209","245.92364206910133"
"","","4.95968770980835","246.0276009514928"
"","","4.9602837562561035","246.1573458276689"
"","","4.962718963623047","246.41529307700694"
"","","4.962472915649414","246.56692403368652"
"","","4.961509704589844","246.7174781486392"
"","","4.958665370941162","247.0191684551537"
"","","4.961487770080566","247.3308122716844"
"","","4.961659908294678","247.389281867072"
"","","4.961360454559326","247.59798543527722"
"","","4.958220481872559","247.93317425064743"
"","","4.9576215744018555","248.02761618047953"
"","","4.958740711212158","248.20852559059858"
"","","4.960714340209961","248.38894023559988"
"","","4.960546493530273","248.5697332303971"
"","","4.958565711975098","248.8243335392326"
"","","4.956745624542236","249.0241313353181"
"","","4.956934452056885","249.09968487918377"
"","","4.959684371948242","249.3338834028691"
"","","4.959866046905518","249.3911306373775"
"","","4.959418296813965","249.63897885754704"
"","","4.956452369689941","249.93927218019962"
"","","4.956085205078125","250.01546600833535"
"","","4.9571146965026855","250.20856992341578"
"","","4.95915412902832","250.38840249180794"
"","","4.958720684051514","250.64178043976426"
"","","4.9571099281311035","250.82845240831375"
"","","4.955451488494873","251.01230130530894"
"","","4.95563268661499","251.11628929153085"
"","","4.958545207977295","251.39297940768301"
"","","4.957820892333984","251.69254513457417"
"","","4.955048084259033","251.96748902089894"
"","","4.954864501953125","252.01545213349164"
"","","4.956740379333496","252.26885918527842"
"","","4.958040714263916","252.39298702217638"
"","","4.957644462585449","252.64595751650631"
"","","4.9547624588012695","252.9395278543234"
"","","4.95439338684082","253.015459747985"
"","","4.954835891723633","253.14369122497737"
"","","4.9575982093811035","253.39354760944843"
"","","4.957207202911377","253.64765315316617"
"","","4.956643581390381","253.73001699335873"
"","","4.954044342041016","254.00787126272917"
"","","4.953874111175537","254.0270797908306"
"","","4.956614017486572","254.31218091398478"
"","","4.957237720489502","254.39428281970322"
"","","4.956872463226318","254.64862119406462"
"","","4.95392370223999","254.9499913584441"
"","","4.953573226928711","255.0254575908184"
"","","4.954773426055908","255.20857889205217"
"","","4.9569220542907715","255.3943486418575"
"","","4.956477165222168","255.66286058165133"
"","","4.955755710601807","255.7600091677159"
"","","4.953250408172607","256.0267166700214"
"","","4.953516006469727","256.0993598308414"
"","","4.9564208984375","256.3350135460496"
"","","4.956641674041748","256.3936577644199"
"","","4.956286907196045","256.6509647294879"
"","","4.95335578918457","256.95000658743083"
"","","4.953012943267822","257.0248325355351"
"","","4.954220771789551","257.2090888861567"
"","","4.9564008712768555","257.39605189301074"
"","","4.956054210662842","257.6516708359122"
"","","4.954492092132568","257.8393032308668"
"","","4.9528069496154785","258.0238215159625"
"","","4.953047752380371","258.0996952019632"
"","","4.956219673156738","258.3966124802828"
"","","4.955345630645752","258.73497361317277"
"","","4.952828884124756","258.98258900269866"
"","","4.952660083770752","259.012304013595"
"","","4.954532623291016","259.268592344597"
"","","4.955888271331787","259.39286570064723"
"","","4.955499172210693","259.6507838461548"
"","","4.953399658203125","259.88000561483204"
"","","4.9521989822387695","260.0260777398944"
"","","4.952930450439453","260.163564234972"
"","","4.955621242523193","260.39767544716597"
"","","4.95528507232666","260.6539928819984"
"","","4.954735279083252","260.7365313451737"
"","","4.952148914337158","260.9937801025808"
"","","4.952329158782959","261.11642364412546"
"","","4.954720497131348","261.3173273857683"
"","","4.9553093910217285","261.3941906020045"
"","","4.954923152923584","261.65336021222174"
"","","4.951986312866211","261.9499864522368"
"","","4.951650619506836","262.02588924206793"
"","","4.952900409698486","262.2085448820144"
"","","4.955240249633789","262.42525200359523"
"","","4.954874038696289","262.65878113918006"
"","","4.95334005355835","262.84620980732143"
"","","4.951672554016113","263.0116941872984"
"","","4.9518609046936035","263.1008974276483"
"","","4.954747676849365","263.34018912166357"
"","","4.954950332641602","263.39542819187045"
"","","4.954561710357666","263.65654775872827"
"","","4.951648712158203","263.9500016812235"
"","","4.951309680938721","264.0260790940374"
"","","4.95252799987793","264.2084436956793"
"","","4.954831123352051","264.42427770234644"
"","","4.954440116882324","264.6572538651526"
"","","4.952886581420898","264.8447116371244"
"","","4.951183795928955","265.0238457135856"
"","","4.951406478881836","265.0997485034168"
"","","4.954530239105225","265.39896498434246"
"","","4.953575134277344","265.74096409603953"
"","","4.951107501983643","265.96750831231475"
"","","4.950931549072266","266.02382422424853"
"","","4.952949523925781","266.2682090885937"
"","","4.954501628875732","266.4458879735321"
"","","4.954095840454102","266.6570362634957"
"","","4.952573776245117","266.8433589860797"
"","","4.950883388519287","267.01169554144144"
"","","4.951517105102539","267.1636175364256"
"","","4.954208850860596","267.4005227163434"
"","","4.95383358001709","267.6597214303911"
"","","4.953287124633789","267.73998979479074"
"","","4.950640678405762","268.0219186004251"
"","","4.953458786010742","268.3169150259346"
"","","4.954211711883545","268.446805421263"
"","","4.9538068771362305","268.65789550356567"
"","","4.950767993927002","268.982577836141"
"","","4.9506001472473145","269.0108958631754"
"","","4.951691150665283","269.2087145987898"
"","","4.953945636749268","269.40146926790476"
"","","4.953582763671875","269.6608717087656"
"","","4.95239782333374","269.8116877581924"
"","","4.950401782989502","270.0219047255814"
"","","4.950677871704102","270.1060730032623"
"","","4.953553676605225","270.3344798646867"
"","","4.954002380371094","270.4484504647553"
"","","4.9535908699035645","270.66163602285087"
"","","4.950483322143555","270.9937689360231"
"","","4.951497554779053","271.2088171392679"
"","","4.953776836395264","271.4033762458712"
"","","4.953315734863281","271.68134693056345"
"","","4.952377796173096","271.80000324733555"
"","","4.950325965881348","271.9820477068424"
"","","4.950507164001465","272.09968538954854"
"","","4.9537248611450195","272.37922768108547"
"","","4.95391321182251","272.4495134316385"
"","","4.9529900550842285","272.7450628299266"
"","","4.950417518615723","272.99378416500986"
"","","4.952221393585205","273.26878625899553"
"","","4.953729152679443","273.4036825131625"
"","","4.953388214111328","273.6629103310406"
"","","4.951478481292725","273.8799958024174"
"","","4.950221538543701","274.0238269325346"
"","","4.950965404510498","274.1631760727614"
"","","4.953886032104492","274.450023425743"
"","","4.952958583831787","274.74554372020066"
"","","4.9503889083862305","274.99377029016614"
"","","4.950592517852783","275.11664666235447"
"","","4.952554225921631","275.29223007149994"
"","","4.953700542449951","275.40375594981015"
"","","4.953352451324463","275.6641188170761"
"","","4.951448440551758","275.88001103140414"
"","","4.950191020965576","276.0238421615213"
"","","4.951417446136475","276.2082440312952"
"","","4.953878402709961","276.4512610156089"
"","","4.953495502471924","276.6643592622131"
"","","4.951981067657471","276.8515842035413"
"","","4.950318813323975","277.00787177309394"
"","","4.950533866882324","277.1056315395981"
"","","4.953272819519043","277.33371825888753"
"","","4.953730583190918","277.40487712435424"
"","","4.953400135040283","277.66480343416333"
"","","4.950340747833252","277.97522488981485"
"","","4.9514923095703125","278.20863761007786"
"","","4.953980922698975","278.45209115184844"
"","","4.953616142272949","278.66524760611355"
"","","4.952117443084717","278.8524725474417"
"","","4.950472831726074","278.9999998640269"
"","","4.950719833374023","279.1163860820234"
"","","4.953840255737305","279.4046886265278"
"","","4.953330039978027","279.6935150399804"
"","","4.950507164001465","279.9671783577651"
"","","4.9503374099731445","280.0253569148481"
"","","4.952425956726074","280.26901418343186"
"","","4.95412540435791","280.454260064289"
"","","4.953775882720947","280.66738741472363"
"","","4.9522905349731445","280.8545541483909"
"","","4.950634002685547","280.9999859891832"
"","","4.9510698318481445","281.14323504269123"
"","","4.9540114402771","281.4055769704282"
"","","4.953671455383301","281.66556148789823"
"","","4.953117847442627","281.74807084724307"
"","","4.950520038604736","282.0241206791252"
"","","4.952995300292969","282.2935057338327"
"","","4.954293251037598","282.4550319928676"
"","","4.9539313316345215","282.66815934330225"
"","","4.9507951736450195","283.0000012181699"
"","","4.9518585205078125","283.2092286553234"
"","","4.9541826248168945","283.40588323771954"
"","","4.953847885131836","283.6663625203073"
"","","4.952846527099609","283.8000073097646"
"","","4.950700759887695","284.02384486980736"
"","","4.950962066650391","284.09960214048624"
"","","4.9539265632629395","284.3363326974213"
"","","4.954421520233154","284.452922642231"
"","","4.95404577255249","284.66604999266565"
"","","4.950905799865723","284.9999873433262"
"","","4.95196008682251","285.20842897705734"
"","","4.954297065734863","285.40336643345654"
"","","4.953993320465088","285.6646024156362"
"","","4.952858924865723","285.8134394045919"
"","","4.950895309448242","285.9826199710369"
"","","4.951137065887451","286.10730078071356"
"","","4.954355716705322","286.38215735554695"
"","","4.954552173614502","286.4533744286746"
"","","4.953649044036865","286.74889472313225"
"","","4.951316833496094","286.96999652311206"
"","","4.951079845428467","286.9937743525952"
"","","4.952882766723633","287.2689510695636"
"","","4.954427719116211","287.4059427995235"
"","","4.954207420349121","287.6441867556423"
"","","4.952230453491211","287.87998599000275"
"","","4.951004505157471","287.98103448934853"
"","","4.951565742492676","288.1488180719316"
"","","4.954683303833008","288.45370979979634"
"","","4.953786849975586","288.749230094254"
"","","4.951173782348633","288.99998869746923"
"","","4.951423168182373","289.11660774610937"
"","","4.9534196853637695","289.29501422680914"
"","","4.954567909240723","289.4036879297346"
"","","4.95426082611084","289.6654768846929"
"","","4.952402114868164","289.8800012189895"
"","","4.951167106628418","289.98262132517993"
"","","4.952331066131592","290.2087289839983"
"","","4.954833030700684","290.4543071053922"
"","","4.954459190368652","290.6674344558269"
"","","4.952953338623047","290.85460118949413"
"","","4.951296329498291","291.0050970967859"
"","","4.951572895050049","291.1168267019093"
"","","4.954497814178467","291.34811484254897"
"","","4.954722881317139","291.4044016506523"
"","","4.954418182373047","291.6655212175101"
"","","4.951335906982422","291.98103584349155"
"","","4.9529876708984375","292.2471903730184"
"","","4.954989910125732","292.4544387497008"
"","","4.954615592956543","292.66756610013545"
"","","4.953109264373779","292.85476193763316"
"","","4.951478958129883","292.99999005161226"
"","","4.9517292976379395","293.11678372323513"
"","","4.954877853393555","293.4042422566563"
"","","4.954028129577637","293.7480167020112"
"","","4.951489448547363","293.9810510724783"
"","","4.953457355499268","294.26871333271265"
"","","4.955139636993408","294.45477412082255"
"","","4.9547600746154785","294.6679014712572"
"","","4.953248977661133","294.855039101094"
"","","4.951625347137451","295.000005280599"
"","","4.952058792114258","295.1431379187852"
"","","4.955044269561768","295.4057708848268"
"","","4.954617500305176","295.689475024119"
"","","4.954274654388428","295.7399992737919"
"","","4.951639175415039","295.98604305647314"
"","","4.951836109161377","296.0977435577661"
"","","4.9540019035339355","296.2923317681998"
"","","4.955327987670898","296.4548475574702"
"","","4.954959869384766","296.6680040117353"
"","","4.951822280883789","296.9999914057553"
"","","4.952883720397949","297.2091606352478"
"","","4.955220699310303","297.40421450696886"
"","","4.954909801483154","297.66661464236677"
"","","4.953779220581055","297.81440389342606"
"","","4.9517741203308105","297.99379990436137"
"","","4.95202112197876","298.1008146889508"
"","","4.95499849319458","298.3383019454777"
"","","4.9554972648620605","298.45497920177877"
"","","4.955127716064453","298.66810655221343"
"","","4.952084541320801","298.9877830259502"
"","","4.951916217803955","299.0254433825612"
"","","4.953052520751953","299.209204968065"
"","","4.9555230140686035","299.45524875074625"
"","","4.95512056350708","299.6663679368794"
"","","4.9541401863098145","299.8000127263367"
"","","4.952047824859619","299.9810385517776"
"","","4.952254295349121","300.10566115379333"
"","","4.955502510070801","300.3838937729597"
"","","4.95570182800293","300.455663818866"
"","","4.9553303718566895","300.6687911693007"
"","","4.952195644378662","300.9999927598983"
"","","4.954037189483643","301.26902856864035"
"","","4.95561408996582","301.4058747794479"
"","","4.955314636230469","301.66679061949253"
"","","4.953479766845703","301.88000528141856"
"","","4.952208042144775","301.98603053577244"
"","","4.952907085418701","302.16434970498085"
"","","4.955904483795166","302.4557663593441"
"","","4.9550089836120605","302.7512866538018"
"","","4.952367782592773","303.0063526239246"
"","","4.954659938812256","303.2961394637823"
"","","4.955813884735107","303.4053952433169"
"","","4.955625057220459","303.6439011339098"
"","","4.95367431640625","303.87999140657485"
"","","4.9524312019348145","303.98202943615615"
"","","4.953582763671875","304.2090102098882"
"","","4.956099510192871","304.45551965385675"
"","","4.9557294845581055","304.6686470042914"
"","","4.955202102661133","304.7510399483144"
"","","4.9525933265686035","304.99999411404133"
"","","4.952844619750977","305.1168459933251"
"","","4.955782413482666","305.3490654565394"
"","","4.956010341644287","305.4057597182691"
"","","4.955707550048828","305.66714121960104"
"","","4.952657699584961","305.9784939978272"
"","","4.954582214355469","306.2682517338544"
"","","4.956299304962158","306.4557386096567"
"","","4.955929756164551","306.6688950639218"
"","","4.954427242279053","306.85606179758906"
"","","4.952794075012207","307.00000934302807"
"","","4.953042984008789","307.11639556102455"
"","","4.956160545349121","307.3880507145077"
"","","4.956331729888916","307.45603726245463"
"","","4.955926895141602","307.6671273447573"
"","","4.952858924865723","307.98104126006365"
"","","4.954800605773926","308.268703520298"
"","","4.9564948081970215","308.4558411501348"
"","","4.956110954284668","308.66891029290855"
"","","4.954596519470215","308.8560188189149"
"","","4.95297908782959","308.99999546818435"
"","","4.95341157913208","309.1430407948792"
"","","4.956393241882324","309.4055864494294"
"","","4.956088066101074","309.66708436608315"
"","","4.955545902252197","309.7493026871234"
"","","4.952890396118164","310.02608011476696"
"","","4.954668998718262","310.2922928519547"
"","","4.9554243087768555","310.3451745118946"
"","","4.954480171203613","310.6018411926925"
"","","4.948133945465088","311.004463583231"
"","","4.947274208068848","311.1639234703034"
"","","4.947572231292725","311.29983835853636"
"","","4.947922229766846","311.35272001847625"
"","","4.947024345397949","311.45999673753977"
"","","4.9411845207214355","311.79998768493533"
"","","4.934237957000732","312.11631721816957"
"","","4.9330034255981445","312.36838549375534"
"","","4.928177833557129","312.6300871372223"
"","","4.915931224822998","313.02563729695976"
"","","4.911566257476807","313.2670244667679"
"","","4.9050421714782715","313.61053697764874"
"","","4.895843982696533","313.88000934384763"
"","","4.886388301849365","314.14630939252675"
"","","4.881777286529541","314.3952344544232"
"","","4.87199068069458","314.7191891912371"
"","","4.858743190765381","315.0252450723201"
"","","4.851758003234863","315.26698148809373"
"","","4.843189239501953","315.6032180413604"
"","","4.824856281280518","316.0236228723079"
"","","4.820201396942139","316.16067280992866"
"","","4.813741683959961","316.43061083741486"
"","","4.80084753036499","316.7902468703687"
"","","4.789638042449951","317.02331034466624"
"","","4.778973579406738","317.38809775561094"
"","","4.771927833557129","317.62514845468104"
"","","4.753833770751953","318.0242783855647"
"","","4.745900630950928","318.26726626604795"
"","","4.741523742675781","318.46851925365627"
"","","4.719323635101318","319.0033312421292"
"","","4.713054180145264","319.1749274265021"
"","","4.707672119140625","319.3860175088048"
"","","4.689425945281982","319.8999911546707"
"","","4.683353424072266","320.0233040843159"
"","","4.676244735717773","320.2669322490692"
"","","4.669590950012207","320.59705699793994"
"","","4.661945343017578","320.83390397019684"
"","","4.651933670043945","321.13189809024334"
"","","4.648334503173828","321.3907184544951"
"","","4.643126010894775","321.7122866772115"
"","","4.634850025177002","322.00326677411795"
"","","4.631186485290527","322.26715120486915"
"","","4.6292924880981445","322.6319677196443"
"","","4.623259544372559","322.9500143788755"
"","","4.620373249053955","323.15056887455285"
"","","4.620204448699951","323.20612808689475"
"","","4.62127685546875","323.428597766906"
"","","4.621530055999756","323.4513569623232"
"","","4.619625091552734","323.7400087527931"
"","","4.615602493286133","324.00377676822245"
"","","4.615044593811035","324.06067475676537"
"","","4.616856575012207","324.383145198226"
"","","4.617852687835693","324.49542777612805"
"","","4.617593765258789","324.67686105519533"
"","","4.6152544021606445","324.9500005040318"
"","","4.614228248596191","325.0233712606132"
"","","4.6147589683532715","325.175205944106"
"","","4.6189680099487305","325.5092597100884"
"","","4.619253158569336","325.59188548475504"
"","","4.618562698364258","325.8800134062767"
"","","4.617239952087402","326.0239609517157"
"","","4.617448329925537","326.07323373667896"
"","","4.621395111083984","326.3600228819996"
"","","4.624186992645264","326.6514395363629"
"","","4.623615741729736","326.94998662918806"
"","","4.623047828674316","327.02312455512583"
"","","4.626038551330566","327.26710196584463"
"","","4.630309104919434","327.50805257819593"
"","","4.631574630737305","327.7400101069361"
"","","4.631362438201904","327.9249940533191"
"","","4.630969047546387","327.9999946244061"
"","","4.631490707397461","328.09708500280976"
"","","4.637420654296875","328.3977566752583"
"","","4.640285491943359","328.75066972337663"
"","","4.640084266662598","328.9674932602793"
"","","4.639913082122803","329.00244696065784"
"","","4.643457889556885","329.2668843641877"
"","","4.648616790771484","329.5597853139043"
"","","4.649765491485596","329.745642375201"
"","","4.649590969085693","329.9932286608964"
"","","4.650904655456543","330.14427754096687"
"","","4.657920837402344","330.5089776404202"
"","","4.659606456756592","330.7419829070568"
"","","4.659438133239746","331.0038009658456"
"","","4.664774417877197","331.33261604234576"
"","","4.6688551902771","331.6242655273527"
"","","4.6696367263793945","331.880000885576"
"","","4.669254302978516","332.00636971741915"
"","","4.671705722808838","332.2063712403178"
"","","4.677484512329102","332.5046563986689"
"","","4.679100513458252","332.7376616653055"
"","","4.6789326667785645","332.9819883219898"
"","","4.678756237030029","333.0164181534201"
"","","4.6789703369140625","333.05116812698543"
"","","4.685380935668945","333.3839704282582"
"","","4.688366413116455","333.7367670610547"
"","","4.688162803649902","333.9675022289157"
"","","4.687924861907959","334.01252585463226"
"","","4.691465377807617","334.26700974814594"
"","","4.695781707763672","334.5042059663683"
"","","4.697200775146484","334.73726944066584"
"","","4.696977138519287","334.9499893374741"
"","","4.696694850921631","335.0032784510404"
"","","4.697269916534424","335.09693457745016"
"","","4.702946662902832","335.38558636792004"
"","","4.705636024475098","335.74001281522214"
"","","4.705236434936523","335.967488354072"
"","","4.705044746398926","335.99999733269215"
"","","4.708288669586182","336.2670249771327"
"","","4.712823867797852","336.5524171385914"
"","","4.713660717010498","336.738332407549"
"","","4.713263511657715","336.95000456646085"
"","","4.712791919708252","337.0232880115509"
"","","4.713799476623535","337.12800359353423"
"","","4.719565391540527","337.44462416507304"
"","","4.721290111541748","337.73938775993884"
"","","4.720348358154297","338.0184934940189"
"","","4.724968910217285","338.33400812000036"
"","","4.7282843589782715","338.62583222799003"
"","","4.7285847663879395","338.7407341506332"
"","","4.728042125701904","338.94999069161713"
"","","4.727679252624512","339.0032798051834"
"","","4.730645656585693","339.26713513210416"
"","","4.7346086502075195","339.5081730559468"
"","","4.735595226287842","339.74001416936517"
"","","4.7353515625","339.88000359386206"
"","","4.7344489097595215","340.02348547801375"
"","","4.734633922576904","340.05180350504816"
"","","4.738940715789795","340.334780048579"
"","","4.742088317871094","340.62666236422956"
"","","4.742321014404297","340.7415933907032"
"","","4.741657733917236","340.95000592060387"
"","","4.741093635559082","341.02314384654164"
"","","4.744073867797852","341.2671503610909"
"","","4.747921466827393","341.5091778151691"
"","","4.748775482177734","341.74250322394073"
"","","4.74845552444458","341.87998971901834"
"","","4.747474670410156","342.0232969801873"
"","","4.747994899749756","342.095794621855"
"","","4.753115177154541","342.39061642438173"
"","","4.755023956298828","342.74382051080465"
"","","4.754127502441406","342.96998637728393"
"","","4.75367546081543","343.0233628023416"
"","","4.7565507888793945","343.26716559007764"
"","","4.760894775390625","343.6199913267046"
"","","4.761076927185059","343.73998641967773"
"","","4.760700702667236","343.8800049480051"
"","","4.759755611419678","344.01327138766646"
"","","4.760467052459717","344.1289300099015"
"","","4.766204357147217","344.51126703061163"
"","","4.766783237457275","344.6296905167401"
"","","4.766073226928711","344.9500072747469"
"","","4.765456676483154","345.0221265666187"
"","","4.769626140594482","345.3375829849392"
"","","4.772458553314209","345.62955261208117"
"","","4.772136211395264","345.87999107316136"
"","","4.771051406860352","346.02213418111205"
"","","4.772769451141357","346.20630322024226"
"","","4.777432918548584","346.5124173089862"
"","","4.777970790863037","346.63084079511464"
"","","4.777155876159668","346.9499933999032"
"","","4.776520729064941","347.02153061516583"
"","","4.776698589324951","347.0608207862824"
"","","4.78059720993042","347.3385295365006"
"","","4.783339500427246","347.630528267473"
"","","4.782655239105225","347.9250008240342"
"","","4.781801223754883","348.023371770978"
"","","4.78444242477417","348.2672036625445"
"","","4.788057327270508","348.513072822243"
"","","4.788559436798096","348.6314963083714"
"","","4.787648677825928","348.9500086288899"
"","","4.787023067474365","349.0184899419546"
"","","4.787414073944092","349.0972158033401"
"","","4.791886806488037","349.37934833578765"
"","","4.793649196624756","349.63147481903434"
"","","4.793183326721191","349.8799924273044"
"","","4.7925333976745605","349.9684971757233"
"","","4.792003631591797","350.02335789613426"
"","","4.794585704803467","350.26780096814036"
"","","4.798369407653809","350.5606728140265"
"","","4.798595428466797","350.63186078332365"
"","","4.797591686248779","350.9499947540462"
"","","4.7968950271606445","351.02327819913626"
"","","4.797739505767822","351.14435013383627"
"","","4.802245616912842","351.41673288308084"
"","","4.803386688232422","351.61999403499067"
"","","4.802881240844727","351.8800076562911"
"","","4.801874160766602","352.0032623782754"
"","","4.80165958404541","352.0237223710865"
"","","4.805553913116455","352.34069218859076"
"","","4.808093070983887","352.63272002339363"
"","","4.807004928588867","352.95000998303294"
"","","4.80628776550293","353.0233516357839"
"","","4.807444095611572","353.1757974997163"
"","","4.812214374542236","353.5139840096235"
"","","4.812631130218506","353.6324657034129"
"","","4.812024116516113","353.8799937814474"
"","","4.810774326324463","354.0221368893981"
"","","4.810984134674072","354.07269024290144"
"","","4.8145623207092285","354.3407947290689"
"","","4.817010879516602","354.6328516677022"
"","","4.815821647644043","354.9499961081892"
"","","4.8151350021362305","355.0184774212539"
"","","4.817464828491211","355.26714054867625"
"","","4.820868492126465","355.5149305611849"
"","","4.821249961853027","355.63341225497425"
"","","4.821009159088135","355.8000025805086"
"","","4.819305419921875","356.01999843493104"
"","","4.81978178024292","356.1171470209956"
"","","4.823715686798096","356.3754726201296"
"","","4.825190544128418","356.5623192116618"
"","","4.824078559875488","356.95001133717597"
"","","4.82331657409668","357.02335298992693"
"","","4.825631141662598","357.26712667383254"
"","","4.829185485839844","357.56317083723843"
"","","4.828606605529785","357.87999513559043"
"","","4.827282428741455","358.0221382435411"
"","","4.827953338623047","358.1399214453995"
"","","4.83231258392334","358.4238002076745"
"","","4.833125114440918","358.7495593819767"
"","","4.831124305725098","359.0232809074223"
"","","4.834746837615967","359.3422588892281"
"","","4.836885452270508","359.56533974967897"
"","","4.836701393127441","359.8000039346516"
"","","4.836226463317871","359.8800103645772"
"","","4.834849834442139","360.0237250793725"
"","","4.8358588218688965","360.17599632032216"
"","","4.840167999267578","360.4814410209656"
"","","4.840522289276123","360.5634265113622"
"","","4.839224338531494","360.950012691319"
"","","4.83842658996582","361.02335434406996"
"","","4.838608264923096","361.0735584516078"
"","","4.841973781585693","361.34320544078946"
"","","4.844048976898193","361.5641326177865"
"","","4.843319892883301","361.87999648973346"
"","","4.842426300048828","361.97833833284676"
"","","4.841913223266602","362.02327464707196"
"","","4.844083309173584","362.2671647462994"
"","","4.847317695617676","362.5169047154486"
"","","4.8474860191345215","362.5641984399408"
"","","4.84611701965332","362.9499988164753"
"","","4.845308780670166","363.02313674241304"
"","","4.845742225646973","363.11711301095784"
"","","4.849494934082031","363.3773303590715"
"","","4.850826740264893","363.56563214212656"
"","","4.850538730621338","363.80000528879464"
"","","4.849090099334717","363.98041993379593"
"","","4.848588943481445","364.0233480837196"
"","","4.850706577301025","364.2671799752861"
"","","4.854071140289307","364.5652031991631"
"","","4.852638244628906","364.950014045462"
"","","4.851830005645752","365.0221333373338"
"","","4.8523173332214355","365.1281585916877"
"","","4.856555938720703","365.42059388011694"
"","","4.857268333435059","365.56521081365645"
"","","4.856438159942627","365.8799978438765"
"","","4.855227470397949","366.0032816696912"
"","","4.854983329772949","366.02336331270635"
"","","4.858412265777588","366.34429125115275"
"","","4.86039924621582","366.5652475319803"
"","","4.860286712646484","366.75159935839474"
"","","4.858913898468018","366.9500001706183"
"","","4.85807991027832","367.0233709271997"
"","","4.859325885772705","367.20637581311166"
"","","4.863277435302734","367.5120242405683"
"","","4.8634490966796875","367.5645566545427"
"","","4.863101005554199","367.80000664293766"
"","","4.861084461212158","368.02366957999766"
"","","4.861328125","368.0925292428583"
"","","4.864442825317383","368.34407364949584"
"","","4.866379737854004","368.56502993032336"
"","","4.8662238121032715","368.7514108605683"
"","","4.864801406860352","368.9499862957746"
"","","4.863948822021484","369.023357052356"
"","","4.865964412689209","369.2677419167012"
"","","4.869189262390137","369.56556141376495"
"","","4.868229389190674","369.8799991980195"
"","","4.866714000701904","370.0233646668494"
"","","4.866959571838379","370.0957167893648"
"","","4.87061882019043","370.3752299770713"
"","","4.871899127960205","370.5655690282583"
"","","4.871702671051025","370.75194995850325"
"","","4.870051383972168","370.9674929268658"
"","","4.869375228881836","371.0232849698514"
"","","4.871337413787842","371.2677280418575"
"","","4.874526500701904","371.56627513468266"
"","","4.873518466949463","371.88001442700624"
"","","4.871982574462891","372.02329258434474"
"","","4.872669219970703","372.1601387951523"
"","","4.876498222351074","372.426031390205"
"","","4.877078533172607","372.5655551534146"
"","","4.876850128173828","372.75196518749"
"","","4.874586582183838","373.0146854650229"
"","","4.877689361572266","373.3455087058246"
"","","4.879522800445557","373.56652319431305"
"","","4.879276275634766","373.75293322838843"
"","","4.878452301025391","373.8800005521625"
"","","4.876901626586914","374.0221436601132"
"","","4.877998352050781","374.20628359541297"
"","","4.881661415100098","374.4850982911885"
"","","4.881913185119629","374.56711288541555"
"","","4.881658554077148","374.7535520233214"
"","","4.879263877868652","375.0232863239944"
"","","4.87948751449585","375.0972100533545"
"","","4.882438659667969","375.3451746888459"
"","","4.88424015045166","375.56426832452416"
"","","4.884026050567627","375.7399972528219"
"","","4.882022857666016","375.98542985506356"
"","","4.881532192230225","376.02370139211416"
"","","4.883375644683838","376.26689299941063"
"","","4.886449813842773","376.5668661799282"
"","","4.884603023529053","376.9499890040606"
"","","4.883697986602783","377.02335976064205"
"","","4.883904933929443","377.0971379708499"
"","","4.88741397857666","377.37697130069137"
"","","4.888578414916992","377.56681558676064"
"","","4.8882737159729","377.752905478701"
"","","4.886288166046143","377.9854450840503"
"","","4.885796546936035","378.02328006364405"
"","","4.887604713439941","378.2670246437192"
"","","4.890664577484131","378.5679582506418"
"","","4.888791084289551","378.95000423304737"
"","","4.887881278991699","379.02334588579834"
"","","4.888491630554199","379.1598719544709"
"","","4.892220973968506","379.42809285596013"
"","","4.892736911773682","379.56764572300017"
"","","4.892482757568359","379.73999860696495"
"","","4.889935493469238","380.0232952926308"
"","","4.893016815185547","380.34626049920917"
"","","4.8947529792785645","380.5666055995971"
"","","4.894427299499512","380.75275369919837"
"","","4.892834663391113","380.94999035820365"
"","","4.89190673828125","381.0239431913942"
"","","4.892625331878662","381.1757196672261"
"","","4.896443843841553","381.48550083860755"
"","","4.896651744842529","381.567602744326"
"","","4.896298885345459","381.7530523519963"
"","","4.89375114440918","382.02336872927845"
"","","4.893924713134766","382.0952551905066"
"","","4.896784782409668","382.347556296736"
"","","4.898488521575928","382.569880457595"
"","","4.898108959197998","382.75832775980234"
"","","4.896519660949707","382.9500055871904"
"","","4.895592212677002","383.02328903228045"
"","","4.897336483001709","383.2670336123556"
"","","4.900309085845947","383.565085940063"
"","","4.8996806144714355","383.80001205950975"
"","","4.8973846435546875","384.02393693104386"
"","","4.897555828094482","384.09658009186387"
"","","4.901409149169922","384.4006569124758"
"","","4.902044773101807","384.5681494567543"
"","","4.901660442352295","384.75359906442463"
"","","4.899806499481201","384.9675122182816"
"","","4.899075031280518","385.02327515743673"
"","","4.900784015655518","385.2674853987992"
"","","4.90372371673584","385.5680115520954"
"","","4.902426719665527","385.8800046145916"
"","","4.900744438171387","386.0239521600306"
"","","4.901217460632324","386.1504956148565"
"","","4.9048943519592285","386.42867002636194"
"","","4.905342102050781","386.56851393170655"
"","","4.904932498931885","386.7542836815119"
"","","4.9025983810424805","387.0030050165951"
"","","4.902334690093994","387.0221262332052"
"","","4.905279159545898","387.34872941859066"
"","","4.906928062438965","387.56904541514814"
"","","4.90660285949707","387.740001315251"
"","","4.905615329742432","387.8799907397479"
"","","4.903924942016602","388.02402559667826"
"","","4.904874324798584","388.20592453703284"
"","","4.908315658569336","388.48674739710987"
"","","4.908494472503662","388.5696060024202"
"","","4.9080586433410645","388.7570055667311"
"","","4.905440807342529","389.0233638230711"
"","","4.905617713928223","389.10197326913476"
"","","4.908380031585693","389.34877375140786"
"","","4.910014629364014","389.57048673182726"
"","","4.90958309173584","389.75809002295136"
"","","4.907705783843994","389.9690636899322"
"","","4.906985282897949","390.0233714375645"
"","","4.908651828765869","390.2668540831655"
"","","4.91155481338501","390.5680205207318"
"","","4.909461975097656","390.95000829547644"
"","","4.908499240875244","391.023961128667"
"","","4.908742904663086","391.11683145165443"
"","","4.912412166595459","391.40088483691216"
"","","4.912991523742676","391.5630513802171"
"","","4.912624359130859","391.740002669394"
"","","4.910295486450195","391.9932059943676"
"","","4.909878730773926","392.02329935505986"
"","","4.9114909172058105","392.26736407727003"
"","","4.914360046386719","392.5694909412414"
"","","4.912224292755127","392.9499944206327"
"","","4.911252021789551","393.02403456531465"
"","","4.911688804626465","393.1505198124796"
"","","4.915355682373047","393.4396954718977"
"","","4.91555118560791","393.4867854695767"
"","","4.915277004241943","393.7518340535462"
"","","4.912865161895752","394.0032620448619"
"","","4.9125823974609375","394.0233727917075"
"","","4.915455341339111","394.34846257790923"
"","","4.916874408721924","394.4861819036305"
"","","4.91658353805542","394.754926674068"
"","","4.914873123168945","394.95000964961946"
"","","4.913896083831787","395.02396248281"
"","","4.9147868156433105","395.20623977296054"
"","","4.918156623840332","395.48694621771574"
"","","4.917555809020996","395.79998701810837"
"","","4.915143013000488","396.02327160537243"
"","","4.915365695953369","396.1168695241213"
"","","4.917985916137695","396.34847780689597"
"","","4.9193925857543945","396.48619713261724"
"","","4.919076442718506","396.75497100688517"
"","","4.917347431182861","396.94999577477574"
"","","4.916362762451172","397.0239486079663"
"","","4.917935371398926","397.2673148382455"
"","","4.920581340789795","397.4871651735157"
"","","4.92025899887085","397.7522428613156"
"","","4.9192705154418945","397.88000867702067"
"","","4.917518615722656","398.0233450420201"
"","","4.9177350997924805","398.11714668758214"
"","","4.920909881591797","398.379925172776"
"","","4.921738147735596","398.4867362305522"
"","","4.921402931213379","398.75551010482013"
"","","4.919448375701904","398.967502405867"
"","","4.918676853179932","399.02396383695304"
"","","4.920235633850098","399.26738827489316"
"","","4.922891139984131","399.4999860879034"
"","","4.9225687980651855","399.74000537768006"
"","","4.921497344970703","399.87999480217695"
"","","4.919723033905029","400.0237095169723"
"","","4.920050621032715","400.1401539426297"
"","","4.9237060546875","400.4415823146701"
"","","4.923880577087402","400.4869842901826"
"","","4.923507213592529","400.755787268281"
"","","4.92074728012085","401.0239499621093"
"","","4.923518657684326","401.3495345134288"
"","","4.9248833656311035","401.48754487745464"
"","","4.924511432647705","401.75270987674594"
"","","4.9235029220581055","401.8800100311637"
"","","4.921726703643799","402.0232881885022"
"","","4.9222941398620605","402.17553032562137"
"","","4.92587423324585","402.4873487651348"
"","","4.925495624542236","402.75618084706366"
"","","4.92273473739624","403.02396519109607"
"","","4.922933101654053","403.11727207154036"
"","","4.925501823425293","403.34954974241555"
"","","4.926864147186279","403.4875601064414"
"","","4.926558494567871","403.7400067318231"
"","","4.924125671386719","403.99321005679667"
"","","4.923695087432861","404.02336162514985"
"","","4.9252190589904785","404.2676882818341"
"","","4.927824974060059","404.487072955817"
"","","4.927433967590332","404.75590503774583"
"","","4.925660610198975","404.9499984830618"
"","","4.924655437469482","405.0240386277437"
"","","4.9248480796813965","405.117025366053"
"","","4.927970886230469","405.3807642776519"
"","","4.928766250610352","405.4882738273591"
"","","4.928360939025879","405.755388783291"
"","","4.926005840301514","405.9932252857834"
"","","4.925591945648193","406.02212538942695"
"","","4.927087306976318","406.26770351082087"
"","","4.929682731628418","406.4870881848037"
"","","4.92927885055542","406.7559202667326"
"","","4.92749547958374","406.95001371204853"
"","","4.926486492156982","407.0240247529"
"","","4.92686128616333","407.1509756613523"
"","","4.93039083480835","407.4404714629054"
"","","4.930614471435547","407.5078759342432"
"","","4.9302263259887695","407.7400080859661"
"","","4.9276123046875","408.0037761013955"
"","","4.927326679229736","408.02336297929287"
"","","4.930054664611816","408.3499952685088"
"","","4.931492328643799","408.52249367162585"
"","","4.9309916496276855","408.7566048838198"
"","","4.929204940795898","408.9499998372048"
"","","4.928194522857666","409.0239526703954"
"","","4.928737163543701","409.1754963155836"
"","","4.932252883911133","409.48763489723206"
"","","4.9318318367004395","409.7528290003538"
"","","4.929013252258301","410.02212674356997"
"","","4.929181098937988","410.1183149032295"
"","","4.931713581085205","410.3503015358001"
"","","4.933145523071289","410.52279993891716"
"","","4.9326372146606445","410.75688204728067"
"","","4.930847644805908","410.9499859623611"
"","","4.929833889007568","411.024026107043"
"","","4.93131160736084","411.26730502583086"
"","","4.933877468109131","411.48788295686245"
"","","4.933518409729004","411.74000944010913"
"","","4.933121204376221","411.79999243468046"
"","","4.930593967437744","412.0233643334359"
"","","4.9307708740234375","412.11731149815023"
"","","4.934282302856445","412.4039551243186"
"","","4.934719085693359","412.52278606407344"
"","","4.934197902679443","412.7568972762674"
"","","4.932173252105713","412.96749259345233"
"","","4.931379795074463","413.02404133602977"
"","","4.932845115661621","413.267407566309"
"","","4.935474395751953","413.5233466513455"
"","","4.934920310974121","413.75786531716585"
"","","4.9339070320129395","413.88001409359276"
"","","4.932086944580078","414.0234086662531"
"","","4.932436943054199","414.15056330151856"
"","","4.935934066772461","414.4422127865255"
"","","4.9361724853515625","414.52518780715764"
"","","4.935571193695068","414.7646832279861"
"","","4.9327826499938965","415.02329986542463"
"","","4.935454368591309","415.3497575316578"
"","","4.936837196350098","415.5086644459516"
"","","4.936415195465088","415.74001079425216"
"","","4.935295104980469","415.88000021874905"
"","","4.933464527130127","416.0240350756794"
"","","4.933981418609619","416.175986174494"
"","","4.937521934509277","416.52299114502966"
"","","4.936983585357666","416.75372631289065"
"","","4.934113502502441","417.0233733020723"
"","","4.9342851638793945","417.1182808931917"
"","","4.936777591705322","417.3500929027796"
"","","4.938179969787598","417.52259130589664"
"","","4.937629699707031","417.75673162192106"
"","","4.935223579406738","417.9932293482125"
"","","4.934772968292236","418.0240794084966"
"","","4.93619966506958","418.267009081319"
"","","4.938826084136963","418.52323920466006"
"","","4.936435222625732","418.94998867064714"
"","","4.935413837432861","419.02344673871994"
"","","4.935585975646973","419.11820881068707"
"","","4.939055442810059","419.40368828363717"
"","","4.939476013183594","419.52254832722247"
"","","4.939022064208984","419.7400121483952"
"","","4.93641471862793","419.9999966658652"
"","","4.936060428619385","420.02403642982244"
"","","4.937487602233887","420.26740266010165"
"","","4.940089225769043","420.5227014608681"
"","","4.939536094665527","420.75346573255956"
"","","4.937669277191162","420.9500038996339"
"","","4.936643600463867","421.02334555238485"
"","","4.937041282653809","421.1605992168188"
"","","4.940441131591797","421.44229519180954"
"","","4.9406657218933105","421.5224471408874"
"","","4.94009256362915","421.75661656074226"
"","","4.937564373016357","422.0000118948519"
"","","4.9372076988220215","422.02408076263964"
"","","4.939826965332031","422.350101871416"
"","","4.94119119644165","422.5226293783635"
"","","4.940616607666016","422.7534227538854"
"","","4.938730239868164","422.94999002479017"
"","","4.937697887420654","423.0233607813716"
"","","4.938437461853027","423.2061328366399"
"","","4.9416680335998535","423.50872536189854"
"","","4.940803527832031","423.79999649710953"
"","","4.938218116760254","424.0240959916264"
"","","4.938400745391846","424.1241258569062"
"","","4.940840721130371","424.35090290382504"
"","","4.942139148712158","424.48894237168133"
"","","4.941633701324463","424.754194682464"
"","","4.939758777618408","424.9500052537769"
"","","4.938728332519531","425.0234051141888"
"","","4.940127849578857","425.2670332789421"
"","","4.942738056182861","425.5232634022832"
"","","4.941127777099609","425.8799890521914"
"","","4.939279556274414","426.02396570146084"
"","","4.939462661743164","426.12411198206246"
"","","4.942449569702148","426.3813607394695"
"","","4.943272113800049","426.52321280911565"
"","","4.942701816558838","426.7539770808071"
"","","4.940596103668213","426.96751188486814"
"","","4.939794540405273","427.023449447006"
"","","4.941194534301758","427.2670194040984"
"","","4.943779468536377","427.52231820486486"
"","","4.943288326263428","427.73998575285077"
"","","4.942138671875","427.8800042811781"
"","","4.940276622772217","428.0240391381085"
"","","4.940652847290039","428.1605361029506"
"","","4.944011688232422","428.441766416654"
"","","4.9442291259765625","428.5233444534242"
"","","4.943638801574707","428.7541378289461"
"","","4.940711975097656","429.0233482606709"
"","","4.943312168121338","429.3507372494787"
"","","4.944679260253906","429.5232647564262"
"","","4.944079399108887","429.7574341762811"
"","","4.943037033081055","429.8799904063344"
"","","4.941175937652588","430.02396705560386"
"","","4.941903114318848","430.20612793043256"
"","","4.945122718811035","430.5232723709196"
"","","4.944530010223389","430.7540657464415"
"","","4.9415974617004395","431.023450801149"
"","","4.941771984100342","431.12391722388566"
"","","4.944192886352539","431.3506942708045"
"","","4.945533752441406","431.5087280701846"
"","","4.945363521575928","431.6775011830032"
"","","4.942399024963379","432.00000072829425"
"","","4.942041397094727","432.02395318076015"
"","","4.943408966064453","432.26691195741296"
"","","4.945972442626953","432.52314208075404"
"","","4.943470001220703","432.95000796206295"
"","","4.942430019378662","433.0233496148139"
"","","4.942599296569824","433.1238742452115"
"","","4.94555139541626","433.3812976256013"
"","","4.946367263793945","433.52317879907787"
"","","4.945751667022705","433.75734821893275"
"","","4.943188667297363","433.99998685345054"
"","","4.942829608917236","434.0239684097469"
"","","4.944186210632324","434.2669271863997"
"","","4.946737289428711","434.5231573097408"
"","","4.9461259841918945","434.75397978909314"
"","","4.944214344024658","434.94999408721924"
"","","4.94317102432251","435.02336484380066"
"","","4.9433488845825195","435.1269453763962"
"","","4.946876525878906","435.4430129751563"
"","","4.947082996368408","435.5231940280646"
"","","4.9465651512146","435.7399884611368"
"","","4.943521976470947","436.0238090157509"
"","","4.946072578430176","436.35061592794955"
"","","4.94740104675293","436.52314343489707"
"","","4.946776866912842","436.7539659142494"
"","","4.944854259490967","436.950009316206"
"","","4.943807601928711","437.02329276129603"
"","","4.944507122039795","437.2060939203948"
"","","4.947707176208496","437.52382043749094"
"","","4.9470744132995605","437.75804806500673"
"","","4.9441423416137695","438.0239697638899"
"","","4.944316387176514","438.12693911604583"
"","","4.946695327758789","438.35071846842766"
"","","4.948024272918701","438.5232459753752"
"","","4.947400093078613","438.75406845472753"
"","","4.945478916168213","438.94999544136226"
"","","4.944431304931641","439.0233661979437"
"","","4.945775985717773","439.26737271249294"
"","","4.9483137130737305","439.5087598823011"
"","","4.947400093078613","439.8000019136816"
"","","4.944775581359863","440.02404320053756"
"","","4.94495153427124","440.1268670335412"
"","","4.947866439819336","440.38108899258077"
"","","4.948661804199219","440.52317389287055"
"","","4.9480390548706055","440.7539963722229"
"","","4.945883274078369","440.9675020724535"
"","","4.9450883865356445","441.0221299622208"
"","","4.946412563323975","441.26721331849694"
"","","4.948957443237305","441.5233270265162"
"","","4.948318004608154","441.75752555020154"
"","","4.947255611419678","441.87999446876347"
"","","4.945369720458984","442.02397111803293"
"","","4.945538520812988","442.12688226252794"
"","","4.949044227600098","442.4425133038312"
"","","4.949249744415283","442.5241204444319"
"","","4.948624610900879","442.75494292378426"
"","","4.945667743682861","443.0233675520867"
"","","4.948217868804932","443.35046550258994"
"","","4.949557304382324","443.52299300953746"
"","","4.9490275382995605","443.73999116942286"
"","","4.94785213470459","443.8800096977502"
"","","4.9459638595581055","444.0240445546806"
"","","4.946657657623291","444.20603080652654"
"","","4.949839115142822","444.52413567341864"
"","","4.949211120605469","444.754958152771"
"","","4.94625186920166","445.0232954695821"
"","","4.946424961090088","445.1272252481431"
"","","4.94880485534668","445.3510046005249"
"","","4.950146675109863","445.5235321074724"
"","","4.94951057434082","445.75773063115776"
"","","4.946929931640625","445.9999909158796"
"","","4.946568965911865","446.0239433683455"
"","","4.947904109954834","446.26693124882877"
"","","4.950432300567627","446.5231904760003"
"","","4.947866916656494","446.9499981496483"
"","","4.9468159675598145","447.02336890622973"
"","","4.94698429107666","447.12715316563845"
"","","4.950316905975342","447.40503653883934"
"","","4.950671672821045","447.50876259058714"
"","","4.950477600097656","447.677361080423"
"","","4.947463512420654","448.00000614486635"
"","","4.9471001625061035","448.02407501265407"
"","","4.948431491851807","448.26691737398505"
"","","4.950952529907227","448.5231766011566"
"","","4.950312614440918","448.75399908050895"
"","","4.948375701904297","448.95001337863505"
"","","4.947323799133301","449.0232968237251"
"","","4.947494983673096","449.12874000146985"
"","","4.950976848602295","449.4432942010462"
"","","4.951173782348633","449.52347525395453"
"","","4.9505157470703125","449.75767377763987"
"","","4.947911739349365","449.99999227002263"
